Model,Test Accuracy,Test Precision,Test Recall,Test F1
GRU,0.5833333333333334,0.6893939393939394,0.5833333333333334,0.49183006535947715
LSTM,0.5,0.25,0.5,0.3333333333333333
BILSTM,0.5,0.25,0.5,0.3333333333333333
