,Recall@K,MRR,NDCG@K
Dense (Sentence-BERT + FAISS),0.3875,0.33479166666666665,0.3474861086535945
Sparse (BM25),0.4125,0.39375,0.3973328769754808
Hybrid (alpha=0.25),0.4,0.3583333333333333,0.3681213705669527
Hybrid (alpha=0.5),0.4,0.359375,0.3680455712512129
Hybrid (alpha=0.75),0.3875,0.35104166666666664,0.3597545306220215
Hybrid + Reranked,0.4125,0.3708333333333333,0.3788163590264746
